company_name,detail
Pramodini Medicare Ltd.,NSE_SME name-matched 'Pramodini Medicare Limited' (symbol PRAMODINI) but dates disagree: db=None vs nse_sme='19-Aug-26'
Anawil Wire & Engineering Ltd.,NSE_SME name-matched 'Anawil Wire and Engineering Limited' (symbol ANAWIL) but dates disagree: db=None vs nse_sme='10-Aug-26'
Shyam Dhani Industries Limited,NSE_SME name-matched 'Shyam Dhani Industries Limited' (symbol SHYAMDHANI) but dates disagree: db='2025-12-15' vs nse_sme='30-Dec-25'
Ashwini Container Movers Limited,NSE_SME name-matched 'Ashwini Container Movers Limited' (symbol ASHWINI) but dates disagree: db='2025-12-15' vs nse_sme='19-Dec-25'
Gurunanak Agriculture India Limited,NSE_SME name-matched 'Gurunanak Agriculture India Limited' (symbol GURUNANAK) but dates disagree: db='2025-10-15' vs nse_sme='01-Oct-25'
Prime Cable Industries Limited,NSE_SME name-matched 'Prime Cable Industries Limited' (symbol PRIMECAB) but dates disagree: db='2025-09-15' vs nse_sme='29-Sep-25'
Optivalue Tek Consulting Limited,NSE_SME name-matched 'Optivalue Tek Consulting Limited' (symbol OPTIVALUE) but dates disagree: db='2025-09-15' vs nse_sme='10-Sep-25'
Sattva Engineering Construction Limited,NSE_SME name-matched 'Sattva Engineering Construction Limited' (symbol SATTVAENGG) but dates disagree: db='2025-09-15' vs nse_sme='03-Sep-25'
Classic Electrodes (India) Limited,NSE_SME name-matched 'Classic Electrodes (India) Limited' (symbol CLASSICEIL) but dates disagree: db='2025-09-15' vs nse_sme='01-Sep-25'
Cash Ur Drive Marketing Limited,NSE_SME name-matched 'Cash Ur Drive Marketing Limited' (symbol CUDML) but dates disagree: db='2025-08-15' vs nse_sme='07-Aug-25'
Moving Media Entertainment Limited,NSE_SME name-matched 'Moving Media Entertainment Limited' (symbol MMEL) but dates disagree: db='2025-07-15' vs nse_sme='03-Jul-25'
Suntech Infra Solutions Limited,NSE_SME name-matched 'Suntech Infra Solutions Limited' (symbol SUNTECH) but dates disagree: db='2025-07-15' vs nse_sme='02-Jul-25'
Aakaar Medical Technologies Limited,NSE_SME name-matched 'Aakaar Medical Technologies Limited' (symbol AAKAAR) but dates disagree: db='2025-06-15' vs nse_sme='27-Jun-25'
Neptune Petrochemicals Limited,NSE_SME name-matched 'Neptune Petrochemicals Limited' (symbol NEPTUNE) but dates disagree: db='2025-06-15' vs nse_sme='04-Jun-25'
Accretion Pharmaceuticals Limited,NSE_SME name-matched 'Accretion Pharmaceuticals Limited' (symbol ACCPL) but dates disagree: db='2025-05-15' vs nse_sme='21-May-25'
Integrity Infrabuild Developers Limited,NSE_SME name-matched 'Integrity Infrabuild Developers Limited' (symbol INTEGRITY) but dates disagree: db='2025-05-15' vs nse_sme='20-May-25'
Virtual Galaxy Infotech Limited,NSE_SME name-matched 'Virtual Galaxy Infotech Limited' (symbol VGINFOTECH) but dates disagree: db='2025-05-15' vs nse_sme='19-May-25'
Iware Supplychain Services Limited,NSE_SME name-matched 'Iware Supplychain Services Limited' (symbol IWARE) but dates disagree: db='2025-05-15' vs nse_sme='06-May-25'
Active Infrastructures Limited,NSE_SME name-matched 'Active Infrastructures Limited' (symbol ACTIVEINFR) but dates disagree: db='2025-03-15' vs nse_sme='28-Mar-25'
Grand Continent Hotels Limited,NSE_SME name-matched 'Grand Continent Hotels Limited' (symbol GCHOTELS) but dates disagree: db='2025-03-15' vs nse_sme='27-Mar-25'
PS Raj Steels Limited,NSE_SME name-matched 'P S Raj Steels Limited' (symbol PSRAJ) but dates disagree: db='2025-02-15' vs nse_sme='19-Feb-25'
Identical Brains Studios Limited,NSE_SME name-matched 'Identical Brains Studios Limited' (symbol IDENTICAL) but dates disagree: db='2024-12-15' vs nse_sme='26-Dec-24'
Agarwal Toughened Glass India Limited,NSE_SME name-matched 'Agarwal Toughened Glass India Limited' (symbol AGARWALTUF) but dates disagree: db='2024-12-15' vs nse_sme='05-Dec-24'
Abha Power and Steel Limited,NSE_SME name-matched 'Abha Power and Steel Limited' (symbol ABHAPOWER) but dates disagree: db='2024-12-15' vs nse_sme='04-Dec-24'
Usha Financial Services Limited,NSE_SME name-matched 'Usha Financial Services Limited' (symbol USHAFIN) but dates disagree: db='2024-10-15' vs nse_sme='31-Oct-24'
Forge Auto International Limited,NSE_SME name-matched 'Forge Auto International Limited' (symbol FORGEAUTO) but dates disagree: db='2024-10-15' vs nse_sme='04-Oct-24'
Divyadhan Recycling Industries Limited,NSE_SME name-matched 'Divyadhan Recycling Industries Limited' (symbol DIVYADHAN) but dates disagree: db='2024-10-15' vs nse_sme='04-Oct-24'
TechEra Engineering LImited,NSE_SME name-matched 'TechEra Engineering (India) Limited' (symbol TECHERA) but dates disagree: db='2024-10-15' vs nse_sme='03-Oct-24'
Unilex Colours and Chemicals Limited,NSE_SME name-matched 'Unilex Colours and Chemicals Limited' (symbol UNILEX) but dates disagree: db='2024-10-15' vs nse_sme='03-Oct-24'
Thinking Hats Entertainment Solutions Limited,NSE_SME name-matched 'Thinking Hats Entertainment Solutions Limited' (symbol THESL) but dates disagree: db='2024-10-15' vs nse_sme='03-Oct-24'
SD Retail Limited,NSE_SME name-matched 'S D Retail Limited' (symbol SDREAMS) but dates disagree: db='2024-09-15' vs nse_sme='27-Sep-24'
BikeWo GreenTech Limited,NSE_SME name-matched 'Bikewo Green Tech Limited' (symbol BIKEWO) but dates disagree: db='2024-09-15' vs nse_sme='27-Sep-24'
Paramount Speciality Forgings Limited,NSE_SME name-matched 'Paramount Speciality Forgings Limited' (symbol PSFL) but dates disagree: db='2024-09-15' vs nse_sme='25-Sep-24'
Deccan Transcon Leasing Limited,NSE_SME name-matched 'Deccan Transcon Leasing Limited' (symbol DECCANTRAN) but dates disagree: db='2024-09-15' vs nse_sme='24-Sep-24'
Excellent Wires and Packaging Limited,NSE_SME name-matched 'Excellent Wires and Packaging Limited' (symbol EXCELLENT) but dates disagree: db='2024-09-15' vs nse_sme='19-Sep-24'
Namo eWaste Management Limited,NSE_SME name-matched 'Namo eWaste Management Limited' (symbol NAMOEWASTE) but dates disagree: db='2024-09-15' vs nse_sme='11-Sep-24'
Boss Packaging Solutions Limited,NSE_SME name-matched 'Boss Packaging Solutions Limited' (symbol BOSS) but dates disagree: db='2024-09-15' vs nse_sme='06-Sep-24'
Paramatrix Technologies Limited,NSE_SME name-matched 'Paramatrix Technologies Limited' (symbol PARAMATRIX) but dates disagree: db='2024-09-15' vs nse_sme='04-Sep-24'
Ideal Technoplast Industries,NSE_SME name-matched 'Ideal Technoplast Industries Limited' (symbol IDEALTECHO) but dates disagree: db='2024-08-15' vs nse_sme='28-Aug-24'
Solve Plastic Products,NSE_SME name-matched 'Solve Plastic Products Limited' (symbol BALCO) but dates disagree: db='2024-08-15' vs nse_sme='21-Aug-24'
Sunlite Recycling Industries Limited,NSE_SME name-matched 'Sunlite Recycling Industries Limited' (symbol SUNLITE) but dates disagree: db='2024-08-15' vs nse_sme='20-Aug-24'
Picture Post Studios Limited,NSE_SME name-matched 'Picturepost Studios Limited' (symbol PPSL) but dates disagree: db='2024-08-15' vs nse_sme='09-Aug-24'
Sathlokhar Synergys E&C Global Limited,NSE_SME name-matched 'Sathlokhar Synergys E&C Global Limited' (symbol SSEGL) but dates disagree: db='2024-08-15' vs nse_sme='06-Aug-24'
SA Tech Software India Limited,NSE_SME name-matched 'S A Tech Software India Limited' (symbol SATECH) but dates disagree: db='2024-08-15' vs nse_sme='02-Aug-24'
Manglam Infra and Engineering Limited,NSE_SME name-matched 'Manglam Infra & Engineering Limited' (symbol MIEL) but dates disagree: db='2024-07-15' vs nse_sme='31-Jul-24'
SAR Televenture Limited (FPO),NSE_SME name-matched 'Sar Televenture Limited' (symbol SARTELE) but dates disagree: db='2024-07-15' vs nse_sme='08-Nov-23'
Nephro Care India Limited,NSE_SME name-matched 'Nephro Care India Limited' (symbol NEPHROCARE) but dates disagree: db='2024-07-15' vs nse_sme='05-Jul-24'
Diensten Tech Limited,NSE_SME name-matched 'Diensten Tech Limited' (symbol DTL) but dates disagree: db='2024-07-15' vs nse_sme='03-Jul-24'
Petro Carbon and Chemicals Limited,NSE_SME name-matched 'Petro Carbon and Chemicals Limited' (symbol PCCL) but dates disagree: db='2024-07-15' vs nse_sme='02-Jul-24'
Visaman Global Sales Limited,NSE_SME name-matched 'Visaman Global Sales Limited' (symbol VISAMAN) but dates disagree: db='2024-07-15' vs nse_sme='01-Jul-24'
Shivalic Power Control Limited,NSE_SME name-matched 'Shivalic Power Control Limited' (symbol SPCL) but dates disagree: db='2024-07-15' vs nse_sme='01-Jul-24'
Mason Infratech Limited,NSE_SME name-matched 'Mason Infratech Limited' (symbol MASON) but dates disagree: db='2024-07-15' vs nse_sme='01-Jul-24'
Sylvan Plyboard (India) Limited,NSE_SME name-matched 'Sylvan Plyboard (India) Limited' (symbol SYLVANPLY) but dates disagree: db='2024-07-15' vs nse_sme='01-Jul-24'
Medicamen Organics Limited,NSE_SME name-matched 'Medicamen Organics Limited' (symbol MEDIORG) but dates disagree: db='2024-06-15' vs nse_sme='28-Jun-24'
Falcon Technoprojects India Limited,NSE_SME name-matched 'Falcon Technoprojects India Limited' (symbol FALCONTECH) but dates disagree: db='2024-06-15' vs nse_sme='26-Jun-24'
Durlax Top Surface Limited,NSE_SME name-matched 'Durlax Top Surface Limited' (symbol DURLAX) but dates disagree: db='2024-06-15' vs nse_sme='26-Jun-24'
TBI Corn Limited,NSE_SME name-matched 'TBI Corn Limited' (symbol TBI) but dates disagree: db='2024-06-15' vs nse_sme='07-Jun-24'
Aimtron Electronics Limited,NSE_SME name-matched 'Aimtron Electronics Limited' (symbol AIMTRON) but dates disagree: db='2024-06-15' vs nse_sme='06-Jun-24'
Beacon Trusteeship Limited,NSE_SME name-matched 'Beacon Trusteeship Limited' (symbol BEACON) but dates disagree: db='2024-06-15' vs nse_sme='04-Jun-24'
Vilas Transcore Limited,NSE_SME name-matched 'Vilas Transcore Limited' (symbol VILAS) but dates disagree: db='2024-06-15' vs nse_sme='03-Jun-24'
GSM Foils Limited,NSE_SME name-matched 'GSM Foils Limited' (symbol GSMFOILS) but dates disagree: db='2024-05-15' vs nse_sme='31-May-24'
Rulka Electricals Limited,NSE_SME name-matched 'Rulka Electricals Limited' (symbol RULKA) but dates disagree: db='2024-05-15' vs nse_sme='24-May-24'
Quest Laboratories Limited,NSE_SME name-matched 'Quest Laboratories Limited' (symbol QUESTLAB) but dates disagree: db='2024-05-15' vs nse_sme='23-May-24'
Indian Emulsifier Limited,NSE_SME name-matched 'Indian Emulsifiers Limited' (symbol IEML) but dates disagree: db='2024-05-15' vs nse_sme='22-May-24'
ABS Marine Services Limited,NSE_SME name-matched 'ABS Marine Services Limited' (symbol ABSMARINE) but dates disagree: db='2024-05-15' vs nse_sme='21-May-24'
Veritaas Advertising Limited,NSE_SME name-matched 'Veritaas Advertising Limited' (symbol VERITAAS) but dates disagree: db='2024-05-15' vs nse_sme='21-May-24'
Mandeep Auto Industries Limited,NSE_SME name-matched 'Mandeep Auto Industries Limited' (symbol MANDEEP) but dates disagree: db='2024-05-15' vs nse_sme='21-May-24'
Slone Infosystems Limited,NSE_SME name-matched 'Slone Infosystems Limited' (symbol SLONE) but dates disagree: db='2024-05-15' vs nse_sme='10-May-24'
Grill Splendour Services Limited,NSE_SME name-matched 'Grill Splendour Services Limited' (symbol BIRDYS) but dates disagree: db='2024-04-15' vs nse_sme='23-Apr-24'
Ramdevbaba Solvent Limited,NSE_SME name-matched 'Ramdevbaba Solvent Limited' (symbol RBS) but dates disagree: db='2024-04-15' vs nse_sme='23-Apr-24'
Creative Graphics Solutions India Limited,NSE_SME name-matched 'Creative Graphics Solutions India Limited' (symbol CGRAPHICS) but dates disagree: db='2024-04-15' vs nse_sme='09-Apr-24'
K2 Infragen Limited,NSE_SME name-matched 'K2 Infragen Limited' (symbol K2INFRA) but dates disagree: db='2024-04-15' vs nse_sme='08-Apr-24'
Yash Optics & Lens Limited,NSE_SME name-matched 'Yash Optics & Lens Limited' (symbol YASHOPTICS) but dates disagree: db='2024-04-15' vs nse_sme='08-Apr-24'
Radiowalla Network Limited,NSE_SME name-matched 'Radiowalla Network Limited' (symbol RADIOWALLA) but dates disagree: db='2024-07-08' vs nse_sme='05-Apr-24'
TAC Infosec Limited,NSE_SME name-matched 'TAC Infosec Limited' (symbol TAC) but dates disagree: db='2024-04-15' vs nse_sme='05-Apr-24'
Trust Fintech Limited,NSE_SME name-matched 'Trust Fintech Limited' (symbol TRUST) but dates disagree: db='2024-04-15' vs nse_sme='04-Apr-24'
Blue Pebble Limited,NSE_SME name-matched 'Blue Pebble Limited' (symbol BLUEPEBBLE) but dates disagree: db='2024-04-15' vs nse_sme='03-Apr-24'
Vishwas Agri Seeds Limited,NSE_SME name-matched 'Vishwas Agri Seeds Limited' (symbol VISHWAS) but dates disagree: db='2024-04-15' vs nse_sme='01-Apr-24'
Omfurn India Limited,NSE_SME name-matched 'Omfurn India Limited' (symbol OMFURN) but dates disagree: db='2024-03-15' vs nse_sme='13-Oct-17'
Enfuse Solutions Limited,NSE_SME name-matched 'Enfuse Solutions Limited' (symbol ENFUSE) but dates disagree: db='2024-03-15' vs nse_sme='22-Mar-24'
Enser Communications Limited,NSE_SME name-matched 'Enser Communications Limited' (symbol ENSER) but dates disagree: db='2024-03-15' vs nse_sme='22-Mar-24'
AVP Infracon Limited,NSE_SME name-matched 'AVP Infracon Limited' (symbol AVPINFRA) but dates disagree: db='2024-03-15' vs nse_sme='20-Mar-24'
Signoria Creation Limited,NSE_SME name-matched 'Signoria Creation Limited' (symbol SIGNORIA) but dates disagree: db='2024-03-15' vs nse_sme='19-Mar-24'
Purv Flexipack Limited,NSE_SME name-matched 'Purv Flexipack Limited' (symbol PURVFLEXI) but dates disagree: db='2024-03-15' vs nse_sme='05-Mar-24'
Owais Metal and Mineral Processing Limited,NSE_SME name-matched 'Owais Metal And Mineral Processing Limited' (symbol OWAIS) but dates disagree: db='2024-03-15' vs nse_sme='04-Mar-24'
Sadhav Shipping Limited,NSE_SME name-matched 'Sadhav Shipping Limited' (symbol SADHAV) but dates disagree: db='2024-03-15' vs nse_sme='01-Mar-24'
Deem Roll Tech Limited,NSE_SME name-matched 'Deem Roll Tech Limited' (symbol DEEM) but dates disagree: db='2024-02-15' vs nse_sme='27-Feb-24'
Zenith Drugs Limited,NSE_SME name-matched 'Zenith Drugs Limited' (symbol ZENITHDRUG) but dates disagree: db='2024-02-15' vs nse_sme='27-Feb-24'
Thaai Casting Limited,NSE_SME name-matched 'Thaai Casting Limited' (symbol TCL) but dates disagree: db='2024-02-15' vs nse_sme='23-Feb-24'
Interiors and More Limited,NSE_SME name-matched 'Interiors & More Limited' (symbol INM) but dates disagree: db='2024-02-15' vs nse_sme='23-Feb-24'
Atmastco Limited,NSE_SME name-matched 'Atmastco Limited' (symbol ATMASTCO) but dates disagree: db='2024-02-15' vs nse_sme='23-Feb-24'
Esconet Technologies Limited,NSE_SME name-matched 'Esconet Technologies Limited' (symbol ESCONET) but dates disagree: db='2024-02-15' vs nse_sme='23-Feb-24'
Baweja Studios Limited,NSE_SME name-matched 'Baweja Studios Limited' (symbol BAWEJA) but dates disagree: db='2024-02-15' vs nse_sme='06-Feb-24'
Megatherm Induction Limited,NSE_SME name-matched 'Megatherm Induction Limited' (symbol MEGATHERM) but dates disagree: db='2024-02-15' vs nse_sme='05-Feb-24'
DelaPlex Limited,NSE_SME name-matched 'Delaplex Limited' (symbol DELAPLEX) but dates disagree: db='2024-02-15' vs nse_sme='02-Feb-24'
Docmode Health Technologies Limited,NSE_SME name-matched 'Docmode Health Technologies Limited' (symbol DHTL) but dates disagree: db='2024-02-15' vs nse_sme='02-Feb-24'
Konstelec Engineers Limited,NSE_SME name-matched 'Konstelec Engineers Limited' (symbol KONSTELEC) but dates disagree: db='2024-01-15' vs nse_sme='30-Jan-24'
Maxposure Limited,NSE_SME name-matched 'Maxposure Limited' (symbol MAXPOSURE) but dates disagree: db='2024-01-15' vs nse_sme='23-Jan-24'
Kaushalya Logistics Limited,NSE_SME name-matched 'Kaushalya Logistics Limited' (symbol KLL) but dates disagree: db='2024-01-15' vs nse_sme='08-Jan-24'
Kay Cee Energy & Infra Limited,NSE_SME name-matched 'Kay Cee Energy & Infra Limited' (symbol KCEIL) but dates disagree: db='2024-01-15' vs nse_sme='05-Jan-24'
HRH Next Services Limited,NSE_SME name-matched 'HRH Next Services Limited' (symbol HRHNEXT) but dates disagree: db='2024-01-15' vs nse_sme='03-Jan-24'
Akanksha Power and Infrastructure Limited,NSE_SME name-matched 'Akanksha Power and Infrastructure Limited' (symbol AKANKSHA) but dates disagree: db='2024-01-15' vs nse_sme='03-Jan-24'
Sameera Agro And Infra Limited,NSE_SME name-matched 'Sameera Agro And Infra Limited' (symbol SAIFL) but dates disagree: db='2024-01-15' vs nse_sme='01-Jan-24'
Trident Techlabs Limited,NSE_SME name-matched 'Trident Techlabs Limited' (symbol TECHLABS) but dates disagree: db='2023-12-15' vs nse_sme='29-Dec-23'
Supreme Power Equipment Limited,NSE_SME name-matched 'Supreme Power Equipment Limited' (symbol SUPREMEPWR) but dates disagree: db='2023-12-15' vs nse_sme='29-Dec-23'
Indifra Limited,NSE_SME name-matched 'Indifra Limited' (symbol INDIFRA) but dates disagree: db='2023-12-15' vs nse_sme='29-Dec-23'
Electro Force (India) Limited,NSE_SME name-matched 'Electro Force (India) Limited' (symbol EFORCE) but dates disagree: db='2023-12-15' vs nse_sme='27-Dec-23'
Shree OSFM E-Mobility Limited,NSE_SME name-matched 'Shree OSFM E-Mobility Limited' (symbol SHREEOSFM) but dates disagree: db='2023-12-15' vs nse_sme='21-Dec-23'
SJ Logistics (India) Limited,NSE_SME name-matched 'S J Logistics (India) Limited' (symbol SJLOGISTIC) but dates disagree: db='2023-12-15' vs nse_sme='19-Dec-23'
Sheetal Universal Limited,NSE_SME name-matched 'Sheetal Universal Limited' (symbol SHEETAL) but dates disagree: db='2023-12-15' vs nse_sme='11-Dec-23'
Net Avenue Technologies Limited,NSE_SME name-matched 'Net Avenue Technologies Limited' (symbol CBAZAAR) but dates disagree: db='2023-12-15' vs nse_sme='08-Dec-23'
Marinetrans India Limited,NSE_SME name-matched 'Marinetrans India Limited' (symbol MARINETRAN) but dates disagree: db='2023-12-15' vs nse_sme='08-Dec-23'
Rockingdeals Circular Economy Limited,NSE_SME name-matched 'Rockingdeals Circular Economy Limited' (symbol ROCKINGDCE) but dates disagree: db='2023-11-15' vs nse_sme='30-Nov-23'
Sunrest Lifescience Limited,NSE_SME name-matched 'Sunrest Lifescience Limited-RE' (symbol SUN-RE) but dates disagree: db='2023-11-15' vs nse_sme='18-Aug-26'
Sunrest Lifescience Limited,NSE_SME name-matched 'Sunrest Lifescience Limited' (symbol SUNREST) but dates disagree: db='2023-11-15' vs nse_sme='20-Nov-23'
Micropro Software Solutions Limited,NSE_SME name-matched 'Micropro Software Solutions Limited' (symbol MICROPRO) but dates disagree: db='2023-11-15' vs nse_sme='10-Nov-23'
Maitreya Medicare Limited,NSE_SME name-matched 'Maitreya Medicare Limited' (symbol MAITREYA) but dates disagree: db='2023-11-15' vs nse_sme='07-Nov-23'
Transteel Seating Technologies Limited,NSE_SME name-matched 'Transteel Seating Technologies Limited' (symbol TRANSTEEL) but dates disagree: db='2023-11-15' vs nse_sme='06-Nov-23'
Paragon Fine And Speciality Chemicals Limited,NSE_SME name-matched 'Paragon Fine and Speciality Chemical Limited' (symbol PARAGON) but dates disagree: db='2023-11-15' vs nse_sme='03-Nov-23'
Shanthala FMCG Products Limited,NSE_SME name-matched 'Shanthala FMCG Products Limited' (symbol SHANTHALA) but dates disagree: db='2023-11-15' vs nse_sme='03-Nov-23'
On Door Concepts Limited,NSE_SME name-matched 'On Door Concepts Limited' (symbol ONDOOR) but dates disagree: db='2023-11-15' vs nse_sme='01-Nov-23'
Rajgor Castor Derivatives Limited,NSE_SME name-matched 'Rajgor Castor Derivatives Limited' (symbol RCDL) but dates disagree: db='2023-10-15' vs nse_sme='31-Oct-23'
WomanCart Limited,NSE_SME name-matched 'Womancart Limited' (symbol WOMANCART) but dates disagree: db='2023-10-15' vs nse_sme='27-Oct-23'
Goyal Salt limited,NSE_SME name-matched 'Goyal Salt Limited' (symbol GOYALSALT) but dates disagree: db='2023-10-15' vs nse_sme='11-Oct-23'
OneClick Logistics Limited,NSE_SME name-matched 'Oneclick Logistics India Limited' (symbol OLIL) but dates disagree: db='2023-10-15' vs nse_sme='11-Oct-23'
Vishnusurya Projects and Infra Limited,NSE_SME name-matched 'Vishnusurya Projects and Infra Limited' (symbol VISHNUINFR) but dates disagree: db='2023-10-15' vs nse_sme='10-Oct-23'
Kontor Space Limited,NSE_SME name-matched 'Kontor Space Limited' (symbol KONTOR) but dates disagree: db='2023-10-15' vs nse_sme='10-Oct-23'
E Factor Experiences Limited,NSE_SME name-matched 'E Factor Experiences Limited' (symbol EFACTOR) but dates disagree: db='2023-10-15' vs nse_sme='09-Oct-23'
Arabian Petroleum Limited,NSE_SME name-matched 'Arabian Petroleum Limited' (symbol ARABIAN) but dates disagree: db='2023-10-15' vs nse_sme='09-Oct-23'
Vinyas Innovative Technologies Limited,NSE_SME name-matched 'Vinyas Innovative Technologies Limited' (symbol VINYAS) but dates disagree: db='2023-10-15' vs nse_sme='06-Oct-23'
Inspire Films Limited,NSE_SME name-matched 'Inspire Films Limited' (symbol INSPIRE) but dates disagree: db='2023-10-15' vs nse_sme='05-Oct-23'
Newjaisa Technologies Limited,NSE_SME name-matched 'Newjaisa Technologies Limited' (symbol NEWJAISA) but dates disagree: db='2023-10-15' vs nse_sme='05-Oct-23'
Digikore Studios limited,NSE_SME name-matched 'Digikore Studios Limited' (symbol DIGIKORE) but dates disagree: db='2023-10-15' vs nse_sme='04-Oct-23'
Mangalam Alloys Limited,NSE_SME name-matched 'Mangalam Alloys Limited' (symbol MAL) but dates disagree: db='2023-10-15' vs nse_sme='04-Oct-23'
Master Components Limited,NSE_SME name-matched 'Master Components Limited' (symbol MASTER) but dates disagree: db='2023-09-15' vs nse_sme='29-Sep-23'
Cellecor Gadgets Limited,NSE_SME name-matched 'Cellecor Gadgets Limited' (symbol CELLECOR) but dates disagree: db='2023-09-15' vs nse_sme='28-Sep-23'
Hi-Green Carbon Limited,NSE_SME name-matched 'Hi-Green Carbon Limited' (symbol HIGREEN) but dates disagree: db='2023-09-15' vs nse_sme='28-Sep-23'
Marco Cables & Conductors Limited,NSE_SME name-matched 'Marco Cables & Conductors Limited' (symbol MARCO) but dates disagree: db='2023-09-15' vs nse_sme='28-Sep-23'
Kody Technolab Limited,NSE_SME name-matched 'Kody Technolab Limited' (symbol KODYTECH) but dates disagree: db='2023-09-15' vs nse_sme='27-Sep-23'
Madhusudan Masala Limited,NSE_SME name-matched 'Madhusudan Masala Limited' (symbol MADHUSUDAN) but dates disagree: db='2023-09-15' vs nse_sme='26-Sep-23'
Chavda Infra Limited,NSE_SME name-matched 'Chavda Infra Limited' (symbol CHAVDA) but dates disagree: db='2023-09-15' vs nse_sme='25-Sep-23'
Holmarc Opto-Mechatronics Limited,NSE_SME name-matched 'Holmarc Opto-Mechatronics Limited' (symbol HOLMARC) but dates disagree: db='2023-09-15' vs nse_sme='25-Sep-23'
Basilic Fly Studio Limited,NSE_SME name-matched 'Basilic Fly Studio Limited' (symbol BASILIC) but dates disagree: db='2023-09-15' vs nse_sme='11-Sep-23'
Mono Pharmacare Limited,NSE_SME name-matched 'Mono Pharmacare Limited' (symbol MONOPHARMA) but dates disagree: db='2023-09-15' vs nse_sme='07-Sep-23'
CPS Shapers Limited,NSE_SME name-matched 'C P S Shapers Limited' (symbol CPS) but dates disagree: db='2023-09-15' vs nse_sme='07-Sep-23'
Sungarner Energies Limited,NSE_SME name-matched 'Sungarner Energies Limited' (symbol SEL) but dates disagree: db='2023-08-15' vs nse_sme='31-Aug-23'
Crop Life Science Limited,NSE_SME name-matched 'Crop Life Science Limited' (symbol CLSL) but dates disagree: db='2023-08-15' vs nse_sme='30-Aug-23'
Vinsys IT Services Limited,NSE_SME name-matched 'Vinsys IT Services India Limited' (symbol VINSYS) but dates disagree: db='2023-08-15' vs nse_sme='11-Aug-23'
Oriana Power Limited,NSE_SME name-matched 'Oriana Power Limited' (symbol ORIANA) but dates disagree: db='2023-08-15' vs nse_sme='11-Aug-23'
Zeal Global Services Limited,NSE_SME name-matched 'Zeal Global Services Limited' (symbol ZEAL) but dates disagree: db='2023-08-15' vs nse_sme='09-Aug-23'
Shri Techtex Limited,NSE_SME name-matched 'Shri Techtex Limited' (symbol SHRITECH) but dates disagree: db='2023-08-15' vs nse_sme='04-Aug-23'
Yasons Chemex Care Limited,NSE_SME name-matched 'Yasons Chemex Care Limited' (symbol YCCL) but dates disagree: db='2023-08-15' vs nse_sme='03-Aug-23'
Service Care Limited,NSE_SME name-matched 'Service Care Limited' (symbol SERVICE) but dates disagree: db='2023-07-15' vs nse_sme='26-Jul-23'
Drone Destination Limited,NSE_SME name-matched 'Drone Destination Limited' (symbol DRONE) but dates disagree: db='2023-07-15' vs nse_sme='21-Jul-23'
Global Pet Industries Limited,NSE_SME name-matched 'Global Pet Industries Limited' (symbol GLOBALPET) but dates disagree: db='2023-07-15' vs nse_sme='10-Jul-23'
Pentagon Rubber Limited,NSE_SME name-matched 'Pentagon Rubber Limited' (symbol PENTAGON) but dates disagree: db='2023-07-15' vs nse_sme='07-Jul-23'
Essen Speciality Films Limited,NSE_SME name-matched 'Essen Speciality Films Limited' (symbol ESFL) but dates disagree: db='2023-07-15' vs nse_sme='06-Jul-23'
Greenchef Appliances Limited,NSE_SME name-matched 'Greenchef Appliances Limited' (symbol GREENCHEF) but dates disagree: db='2023-07-15' vs nse_sme='06-Jul-23'
Vilin Bio Med Limited,NSE_SME name-matched 'Vilin Bio Med Limited' (symbol VILINBIO) but dates disagree: db='2023-06-15' vs nse_sme='30-Jun-23'
Aatmaj Healthcare Limited,NSE_SME name-matched 'Aatmaj Healthcare Limited' (symbol AATMAJ) but dates disagree: db='2023-06-15' vs nse_sme='30-Jun-23'
Cell Point (India) Limited,NSE_SME name-matched 'Cell Point (India) Limited' (symbol CELLPOINT) but dates disagree: db='2023-06-15' vs nse_sme='28-Jun-23'
Spectrum Talent Management Limited,NSE_SME name-matched 'Spectrum Talent Management Limited' (symbol SPECTSTM) but dates disagree: db='2023-06-15' vs nse_sme='22-Jun-23'
Urban Enviro Waste Management Limited,NSE_SME name-matched 'Urban Enviro Waste Management Limited' (symbol URBAN) but dates disagree: db='2023-06-15' vs nse_sme='22-Jun-23'
Infollion Research Services Limited,NSE_SME name-matched 'Infollion Research Services Limited' (symbol INFOLLION) but dates disagree: db='2023-06-15' vs nse_sme='08-Jun-23'
Proventus Agrocom Limited,NSE_SME name-matched 'Proventus Agrocom Limited' (symbol PROV) but dates disagree: db='2023-06-15' vs nse_sme='05-Jun-23'
Crayons Advertising Limited,NSE_SME name-matched 'Crayons Advertising Limited' (symbol CRAYONS) but dates disagree: db='2023-06-15' vs nse_sme='02-Jun-23'
Vasa Denticity Limited,NSE_SME name-matched 'Vasa Denticity Limited' (symbol DENTALKART) but dates disagree: db='2023-06-15' vs nse_sme='02-Jun-23'
Remus Pharmaceuticals Limited,NSE_SME name-matched 'Remus Pharmaceuticals Limited' (symbol REMUS) but dates disagree: db='2023-05-15' vs nse_sme='29-May-23'
Krishca Strapping Solutions Limited,NSE_SME name-matched 'Krishca Strapping Solutions Limited' (symbol KRISHCA) but dates disagree: db='2023-05-15' vs nse_sme='26-May-23'
Auro Impex & Chemicals Limited,NSE_SME name-matched 'Auro Impex  & Chemicals Limited' (symbol AUROIMPEX) but dates disagree: db='2023-05-15' vs nse_sme='23-May-23'
De Neers Tools Limited,NSE_SME name-matched 'De Neers Tools Limited' (symbol DENEERS) but dates disagree: db='2023-05-15' vs nse_sme='11-May-23'
Quicktouch Technologies Limited,NSE_SME name-matched 'Quicktouch Technologies Limited' (symbol QUICKTOUCH) but dates disagree: db='2023-05-15' vs nse_sme='02-May-23'
AG Universal Limited,NSE_SME name-matched 'A G Universal Limited' (symbol AGUL) but dates disagree: db='2023-04-15' vs nse_sme='24-Apr-23'
Pattech Fitwell Tube Components Limited,NSE_SME name-matched 'Pattech Fitwell Tube Components Limited' (symbol PATTECH) but dates disagree: db='2023-04-15' vs nse_sme='21-Apr-23'
Nirman Agri Genetics Limited,NSE_SME name-matched 'Nirman Agri Genetics Limited' (symbol NIRMAN) but dates disagree: db='2023-03-15' vs nse_sme='28-Mar-23'
Quality Foils India Limited,NSE_SME name-matched 'Quality Foils (India) Limited' (symbol QFIL) but dates disagree: db='2023-03-15' vs nse_sme='24-Mar-23'
VELS Film International Limited,NSE_SME name-matched 'Vels Film International Limited' (symbol VELS) but dates disagree: db='2023-03-15' vs nse_sme='22-Mar-23'
MCON Rasayan India Limited,NSE_SME name-matched 'Mcon Rasayan India Limited' (symbol MCON) but dates disagree: db='2023-03-15' vs nse_sme='20-Mar-23'
Srivasavi Adhesive Tapes Limited,NSE_SME name-matched 'Srivasavi Adhesive Tapes Limited' (symbol SRIVASAVI) but dates disagree: db='2023-03-15' vs nse_sme='09-Mar-23'
Viaz Tyres Limited,NSE_SME name-matched 'Viaz Tyres Limited' (symbol VIAZ) but dates disagree: db='2023-03-15' vs nse_sme='01-Mar-23'
Agarwal Float Glass India Limited,NSE_SME name-matched 'Agarwal Float Glass India Limited' (symbol AGARWALFT) but dates disagree: db='2023-02-15' vs nse_sme='23-Feb-23'
Lead Reclaim and Rubber Products Limited,NSE_SME name-matched 'Lead Reclaim And Rubber Products Limited' (symbol LRRPL) but dates disagree: db='2023-02-15' vs nse_sme='21-Feb-23'
Gayatri Rubbers and Chemicals Limited,NSE_SME name-matched 'Gayatri Rubbers And Chemicals Limited' (symbol GRCL) but dates disagree: db='2023-02-15' vs nse_sme='07-Feb-23'
Aristo Bio-Tech and Lifescience Limited,NSE_SME name-matched 'Aristo Bio-Tech And Lifescience Limited' (symbol ARISTO) but dates disagree: db='2023-01-15' vs nse_sme='30-Jan-23'
Ducol Organics And Colours Limited,NSE_SME name-matched 'Ducol Organics And Colours Limited' (symbol DUCOL) but dates disagree: db='2023-01-15' vs nse_sme='19-Jan-23'
Anlon Technology Solutions Limited,NSE_SME name-matched 'Anlon Technology Solutions Limited' (symbol ANLON) but dates disagree: db='2023-01-15' vs nse_sme='10-Jan-23'
RBM Infracon Limited,NSE_SME name-matched 'Rbm Infracon Limited' (symbol RBMINFRA) but dates disagree: db='2023-01-15' vs nse_sme='04-Jan-23'
Homesfy Realty Limited,NSE_SME name-matched 'Homesfy Realty Limited' (symbol HOMESFY) but dates disagree: db='2023-01-15' vs nse_sme='02-Jan-23'
Moxsh Overseas Educon Limited,NSE_SME name-matched 'Moxsh Overseas Educon Limited' (symbol MOXSH) but dates disagree: db='2022-12-15' vs nse_sme='30-Dec-22'
Arihant Academy Limited,NSE_SME name-matched 'Arihant Academy Limited' (symbol ARIHANTACA) but dates disagree: db='2022-12-15' vs nse_sme='29-Dec-22'
Uma Converter Limited,NSE_SME name-matched 'Uma Converter Limited' (symbol UMA) but dates disagree: db='2022-12-15' vs nse_sme='29-Dec-22'
Dollex Agrotech Limited,NSE_SME name-matched 'Dollex Agrotech Limited' (symbol DOLLEX) but dates disagree: db='2022-12-15' vs nse_sme='28-Dec-22'
All E Technologies Limited,NSE_SME name-matched 'All E Technologies Limited' (symbol ALLETEC) but dates disagree: db='2022-12-15' vs nse_sme='21-Dec-22'
Pritika Engineering Components Limited,NSE_SME name-matched 'Pritika Engineering Components Limited' (symbol PRITIKA) but dates disagree: db='2022-12-15' vs nse_sme='08-Dec-22'
Integrated Personnel Services Limited,NSE_SME name-matched 'Integrated Personnel Services Limited' (symbol IPSL) but dates disagree: db='2022-11-15' vs nse_sme='11-Nov-22'
Rite Zone Chemcon India Limited,NSE_SME name-matched 'Rite Zone Chemcon India Limited' (symbol RITEZONE) but dates disagree: db='2022-11-15' vs nse_sme='11-Nov-22'
Phantom Digital Effects Limited,NSE_SME name-matched 'Phantom Digital Effects Limited' (symbol PHANTOMFX) but dates disagree: db='2022-10-15' vs nse_sme='21-Oct-22'
Lloyds Luxuries Limited,NSE_SME name-matched 'Lloyds Luxuries Limited' (symbol LLOYDS) but dates disagree: db='2022-10-15' vs nse_sme='11-Oct-22'
Cyber Media Research & Services Limited,NSE_SME name-matched 'Cyber Media Research & Services Limited' (symbol CMRSL) but dates disagree: db='2022-10-15' vs nse_sme='10-Oct-22'
Maks Energy Solutions India Limited,NSE_SME name-matched 'Maks Energy Solutions India Limited' (symbol MAKS) but dates disagree: db='2022-09-15' vs nse_sme='28-Sep-22'
Kandarp Digi Smart BPO Limited,NSE_SME name-matched 'Kandarp Digi Smart BPO Limited' (symbol KANDARP) but dates disagree: db='2022-09-15' vs nse_sme='28-Sep-22'
Ishan International Limited,NSE_SME name-matched 'Ishan International Limited' (symbol ISHAN) but dates disagree: db='2022-09-15' vs nse_sme='22-Sep-22'
Tapi Fruit Processing Limited,NSE_SME name-matched 'Tapi Fruit Processing Limited' (symbol TAPIFRUIT) but dates disagree: db='2022-09-15' vs nse_sme='22-Sep-22'
Sabar Flex India Limited,NSE_SME name-matched 'Sabar Flex India Limited' (symbol SABAR) but dates disagree: db='2022-09-15' vs nse_sme='21-Sep-22'
Mega Flex Plastics Limited,NSE_SME name-matched 'Mega Flex Plastics Limited' (symbol MEGAFLEX) but dates disagree: db='2022-09-15' vs nse_sme='19-Sep-22'
JFL Life Sciences Limited,NSE_SME name-matched 'Jfl Life Sciences Limited' (symbol JFLLIFE) but dates disagree: db='2022-09-15' vs nse_sme='08-Sep-22'
Jay Jalaram Technologies Limited,NSE_SME name-matched 'Jay Jalaram Technologies Limited' (symbol KORE) but dates disagree: db='2022-09-15' vs nse_sme='08-Sep-22'
Ameya Precision Engineers Limited,NSE_SME name-matched 'Ameya Precision Engineers Limited' (symbol AMEYA) but dates disagree: db='2022-09-15' vs nse_sme='08-Sep-22'
Veekayem Fashion and Apparels Limited,NSE_SME name-matched 'Veekayem Fashion and Apparels Limited' (symbol VEEKAYEM) but dates disagree: db='2022-08-15' vs nse_sme='22-Aug-22'
Upsurge Seeds of Agriculture Limited,NSE_SME name-matched 'Upsurge Seeds Of Agriculture Limited' (symbol USASEEDS) but dates disagree: db='2022-08-15' vs nse_sme='11-Aug-22'
Agni Green Power Limited,NSE_SME name-matched 'Agni Green Power Limited' (symbol AGNI) but dates disagree: db='2022-08-15' vs nse_sme='01-Aug-22'
KCK Industries Limited,NSE_SME name-matched 'Kck Industries Limited' (symbol KCK) but dates disagree: db='2022-07-15' vs nse_sme='08-Jul-22'
Rachana Infrastructure Limited,NSE_SME name-matched 'Rachana Infrastructure Limited' (symbol RILINFRA) but dates disagree: db='2022-06-15' vs nse_sme='10-Jun-22'
Fidel Softech Limited,NSE_SME name-matched 'Fidel Softech Limited' (symbol FIDEL) but dates disagree: db='2022-06-15' vs nse_sme='10-Jun-22'
Globesecure Technologies Limited,NSE_SME name-matched 'Globesecure Technologies Limited' (symbol GSTL) but dates disagree: db='2022-06-15' vs nse_sme='02-Jun-22'
PE Analytics Limited,NSE_SME name-matched 'P. E. Analytics Limited' (symbol PROPEQUITY) but dates disagree: db='2022-04-15' vs nse_sme='04-Apr-22'
SP Refractories Limited,NSE_SME name-matched 'Sp Refractories Limited' (symbol SPRL) but dates disagree: db='2022-03-15' vs nse_sme='22-Mar-22'
Shigan Quantum Technologies Limited,NSE_SME name-matched 'Shigan Quantum Technologies Limited' (symbol SHIGAN) but dates disagree: db='2022-03-15' vs nse_sme='11-Mar-22'
Richa Info Systems Limited,NSE_SME name-matched 'Richa Info Systems Limited' (symbol RICHA) but dates disagree: db='2022-02-15' vs nse_sme='21-Feb-22'
Precision Metaliks Limited,NSE_SME name-matched 'Precision Metaliks Limited' (symbol PRECISION) but dates disagree: db='2022-02-15' vs nse_sme='01-Feb-22'
Foce India Limited,NSE_SME name-matched 'Foce India Limited' (symbol FOCE) but dates disagree: db='2021-12-15' vs nse_sme='28-Dec-21'
DK Enterprises Global Limited,NSE_SME name-matched 'D.K. Enterprises Global Limited' (symbol DKEGL) but dates disagree: db='2021-10-15' vs nse_sme='22-Oct-21'
Jainam Ferro Alloys (I) Limited,NSE_SME name-matched 'Jainam Ferro Alloys (I) Limited' (symbol JAINAM) but dates disagree: db='2021-10-15' vs nse_sme='08-Oct-21'
Quadpro ITeS Limited,NSE_SME name-matched 'Quadpro Ites Limited' (symbol QUADPRO) but dates disagree: db='2021-09-15' vs nse_sme='30-Sep-21'
Abhishek Integrations Limited,NSE_SME name-matched 'Abhishek Integrations Limited' (symbol AILIMITED) but dates disagree: db='2021-06-15' vs nse_sme='21-Jun-21'
Siddhika Coatings Limited,NSE_SME name-matched 'Siddhika Coatings Limited' (symbol SIDDHIKA) but dates disagree: db='2021-04-15' vs nse_sme='07-Apr-21'
Party Cruisers Limited,NSE_SME name-matched 'Party Cruisers Limited' (symbol PARTYCRUS) but dates disagree: db='2021-03-15' vs nse_sme='05-Mar-21'
Ascom Leasing & Investments Ltd,NSE_SME name-matched 'Ascom Leasing & Investments Limited' (symbol ASCOM) but dates disagree: db='2019-12-15' vs nse_sme='06-Dec-19'
